Department,Link to Pay Plan,Last Update,Population (2023),Sworn Officers,Sign-on Bonus,Entry,1 Year,2 Years,3 Years,4 Years,5 Years,6 Years,7 Years,8 Years,9 Years,10 Years,11 Years,12 Years,13 Years,14 Years,15 Years,16 Years,17 Years,18 Years,19 Years,20 Years,5 Year Total,10 Year Total,15 Year Total,20 Year Total,Department
Addison PD,Pay Plan,09-29-2025,"17,100",,,"$83,266.00","$87,430.00","$91,801.00","$95,473.00","$99,292.00","$103,264.00","$106,633.00","$106,633.00","$106,633.00","$106,633.00","$106,633.00","$106,633.00","$106,633.00","$106,633.00","$106,633.00","$106,633.00","$106,633.00","$106,633.00","$106,633.00","$106,633.00","$106,633.00","$457,262.00","$987,058.00","$1,520,223.00","$2,053,388.00",Addison PD
Aledo ISD PD,,04-04-2024,"7,812",,,"$39,931.00","$39,931.00","$39,931.00","$39,931.00","$39,931.00","$39,931.00","$39,931.00","$39,931.00","$39,931.00","$39,931.00","$39,931.00","$39,931.00","$39,931.00","$39,931.00","$39,931.00","$39,931.00","$39,931.00","$39,931.00","$39,931.00","$39,931.00","$39,931.00","$199,655.00","$399,310.00","$598,965.00","$798,620.00",Aledo ISD PD
Allen PD,Pay Plan,10-01-2025,"111,620",154,,"$91,106.10","$95,976.35","$99,975.37","$104,141.01","$108,480.21","$113,000.22","$113,000.22","$113,000.22","$113,000.22","$113,000.22","$113,000.22","$113,000.22","$113,000.22","$113,000.22","$113,000.22","$113,000.22","$113,000.22","$113,000.22","$113,000.22","$113,000.22","$113,000.22","$499,679.04","$1,064,680.14","$1,629,681.24","$2,194,682.34",Allen PD
Alvarado PD,,07-25-2024,"6,225",,,"$54,880.80","$56,528.16","$58,223.36","$59,970.56","$61,769.76","$63,623.04","$65,532.48","$67,498.08","$69,524.00","$71,610.24","$73,758.88","$75,972.00","$78,251.68","$80,600.00","$83,019.04","$85,508.80","$88,073.44","$90,715.04","$93,435.68","$96,239.52","$96,239.52","$291,372.64","$629,160.48","$1,020,762.08","$1,474,734.56",Alvarado PD
Anna PD,Pay Plan,09-27-2025,"27,501",,,"$79,173.49","$81,944.56","$84,812.62","$87,781.06","$90,853.40","$94,033.27","$94,033.27","$94,033.27","$94,033.27","$94,033.27","$94,033.27","$94,033.27","$94,033.27","$94,033.27","$94,033.27","$94,033.27","$94,033.27","$94,033.27","$94,033.27","$94,033.27","$94,033.27","$424,565.13","$894,731.48","$1,364,897.83","$1,835,064.18",Anna PD
Argyle ISD PD,,,"4,400",,,"$64,480.00","$64,480.00","$64,480.00","$64,480.00","$64,480.00","$64,480.00","$64,480.00","$64,480.00","$64,480.00","$64,480.00","$64,480.00","$64,480.00","$64,480.00","$64,480.00","$64,480.00","$64,480.00","$64,480.00","$64,480.00","$64,480.00","$64,480.00","$64,480.00","$322,400.00","$644,800.00","$967,200.00","$1,289,600.00",Argyle ISD PD
Argyle PD,,07-19-2025,"5,859",,,"$78,616.00","$80,974.48","$83,403.71","$85,905.83","$88,483.00","$91,137.49","$93,871.62","$96,687.76","$99,588.40","$102,576.05","$102,576.05","$102,576.05","$102,576.05","$102,576.05","$102,576.05","$102,576.05","$102,576.05","$102,576.05","$102,576.05","$102,576.05","$102,576.05","$417,383.02","$901,244.34","$1,414,124.59","$1,927,004.84",Argyle PD
Arlington PD,Pay Plan,10-06-2025,"398,431",739,,"$83,665.88","$87,863.30","$92,240.65","$96,865.28","$101,714.10","$106,764.36","$106,764.36","$106,764.36","$106,764.36","$106,764.36","$106,764.36","$106,764.36","$106,764.36","$106,764.36","$106,764.36","$109,436.21","$109,436.21","$109,436.21","$109,436.21","$109,436.21","$112,174.98","$462,349.21","$996,171.01","$1,529,992.81","$2,077,173.86",Arlington PD
Aubrey PD,,10-26-2023,"8,267",29,,"$68,900.00","$70,622.50","$72,388.06","$74,197.76","$76,052.71","$77,954.03","$79,902.88","$81,900.45","$83,947.96","$83,947.96","$83,947.96","$83,947.96","$83,947.96","$83,947.96","$83,947.96","$83,947.96","$83,947.96","$83,947.96","$83,947.96","$83,947.96","$83,947.96","$362,161.03","$769,814.31","$1,189,554.11","$1,609,293.91",Aubrey PD
Azle PD,Pay Plan,09-25-2025,"14,562",30,,"$74,010.65","$76,705.13","$79,496.43","$82,390.73","$85,389.06","$88,497.60","$91,718.41","$95,057.67","$98,517.44","$102,103.90","$102,103.90","$102,103.90","$102,103.90","$102,103.90","$102,103.90","$102,103.90","$102,103.90","$102,103.90","$102,103.90","$102,103.90","$102,103.90","$397,992.00","$873,887.02","$1,384,406.52","$1,894,926.02",Azle PD
Balch Springs PD,,02-19-2025,"26,711",,,"$64,656.00","$65,949.00","$69,302.00","$73,332.00","$77,574.00","$82,073.00","$87,667.00","$87,667.00","$87,667.00","$87,667.00","$87,667.00","$87,667.00","$87,667.00","$87,667.00","$87,667.00","$87,667.00","$87,667.00","$87,667.00","$87,667.00","$87,667.00","$87,667.00","$350,813.00","$783,554.00","$1,221,889.00","$1,660,224.00",Balch Springs PD
Bartonville PD,,02-19-2025,"1,827",,"$1,500.00","$78,488.00","$78,488.00","$78,488.00","$78,488.00","$78,488.00","$78,488.00","$78,488.00","$78,488.00","$78,488.00","$78,488.00","$78,488.00","$78,488.00","$78,488.00","$78,488.00","$78,488.00","$78,488.00","$78,488.00","$78,488.00","$78,488.00","$78,488.00","$78,488.00","$393,940.00","$786,380.00","$1,178,820.00","$1,571,260.00",Bartonville PD
Bedford PD,Pay Plan,09-28-2025,"48,370",,,"$80,205.00","$83,293.00","$86,500.00","$89,830.00","$93,288.00","$96,880.00","$100,610.00","$100,610.00","$100,610.00","$100,610.00","$100,610.00","$100,610.00","$100,610.00","$100,610.00","$100,610.00","$100,610.00","$100,610.00","$100,610.00","$100,610.00","$100,610.00","$100,610.00","$433,116.00","$932,436.00","$1,435,486.00","$1,938,536.00",Bedford PD
Bells PD,,10-17-2023,"1,521",,,"$42,500.00","$42,500.00","$42,500.00","$42,500.00","$42,500.00","$42,500.00","$42,500.00","$42,500.00","$42,500.00","$42,500.00","$42,500.00","$42,500.00","$42,500.00","$42,500.00","$42,500.00","$42,500.00","$42,500.00","$42,500.00","$42,500.00","$42,500.00","$42,500.00","$212,500.00","$425,000.00","$637,500.00","$850,000.00",Bells PD
Benbrook PD,Pay Plan,10-17-2025,"24,336",,,"$80,603.88","$84,634.08","$88,864.88","$93,309.12","$93,309.12","$93,309.12","$93,309.12","$93,309.12","$93,309.12","$93,309.12","$93,309.12","$93,309.12","$93,309.12","$93,309.12","$93,309.12","$93,309.12","$93,309.12","$93,309.12","$93,309.12","$93,309.12","$93,309.12","$440,721.08","$907,266.68","$1,373,812.28","$1,840,357.88",Benbrook PD
Boyd PD,,04-22-2025,"1,757",,"$2,500.00","$59,000.00","$61,000.00","$63,000.00","$65,000.00","$65,000.00","$65,000.00","$65,000.00","$65,000.00","$65,000.00","$65,000.00","$65,000.00","$65,000.00","$65,000.00","$65,000.00","$65,000.00","$65,000.00","$65,000.00","$65,000.00","$65,000.00","$65,000.00","$65,000.00","$315,500.00","$640,500.00","$965,500.00","$1,290,500.00",Boyd PD
Bridgeport PD,,03-18-2024,"6,514",20,,"$61,740.00","$61,740.00","$61,740.00","$61,740.00","$61,740.00","$61,740.00","$61,740.00","$61,740.00","$61,740.00","$61,740.00","$61,740.00","$61,740.00","$61,740.00","$61,740.00","$61,740.00","$61,740.00","$61,740.00","$61,740.00","$61,740.00","$61,740.00","$61,740.00","$308,700.00","$617,400.00","$926,100.00","$1,234,800.00",Bridgeport PD
Burleson PD,Pay Plan,10-17-2025,"55,220",90,"$2,500.00","$78,300.00","$80,649.00","$83,068.47","$85,560.52","$88,127.34","$90,771.16","$93,494.29","$96,299.12","$99,188.10","$99,188.10","$99,188.10","$99,188.10","$99,188.10","$99,188.10","$99,188.10","$99,188.10","$99,188.10","$99,188.10","$99,188.10","$99,188.10","$99,188.10","$418,205.33","$897,146.10","$1,393,086.60","$1,889,027.10",Burleson PD
Caddo Mills PD,,03-12-2025,"4,183",,,"$63,000.00","$63,000.00","$63,000.00","$63,000.00","$63,000.00","$63,000.00","$63,000.00","$63,000.00","$63,000.00","$63,000.00","$63,000.00","$63,000.00","$63,000.00","$63,000.00","$63,000.00","$63,000.00","$63,000.00","$63,000.00","$63,000.00","$63,000.00","$63,000.00","$315,000.00","$630,000.00","$945,000.00","$1,260,000.00",Caddo Mills PD
Carrollton PD,Pay Plan,09-20-2025,"132,918",179,,"$79,571.08","$87,103.89","$91,458.95","$86,031.60","$98,318.10","$101,879.55","$104,936.14","$108,609.09","$112,410.48","$112,410.48","$112,410.48","$112,410.48","$112,410.48","$112,410.48","$112,410.48","$112,410.48","$112,410.48","$112,410.48","$112,410.48","$112,410.48","$112,410.48","$442,483.62","$982,729.36","$1,544,781.76","$2,106,834.16",Carrollton PD
Cedar Hill PD,Pay Plan,09-25-2025,"48,411",71,,"$78,550.00","$80,907.00","$83,334.00","$85,834.00","$88,409.00","$100,482.00","$100,482.00","$100,482.00","$100,482.00","$100,482.00","$100,482.00","$100,482.00","$100,482.00","$100,482.00","$100,482.00","$100,482.00","$100,482.00","$100,482.00","$100,482.00","$100,482.00","$100,482.00","$417,034.00","$919,444.00","$1,421,854.00","$1,924,264.00",Cedar Hill PD
Celina PD¹,Pay Plan,09-30-2025,"43,317",,,"$79,997.00","$82,395.00","$84,869.00","$87,415.00","$90,036.00","$92,738.00","$95,519.00","$98,385.00","$98,385.00","$98,385.00","$98,385.00","$98,385.00","$98,385.00","$98,385.00","$98,385.00","$98,385.00","$98,385.00","$98,385.00","$98,385.00","$98,385.00","$98,385.00","$424,712.00","$908,124.00","$1,400,049.00","$1,891,974.00",Celina PD
Cleburne PD,Pay Plan,10-17-2025,"36,209",,,"$72,763.38","$75,470.14","$77,711.05","$81,078.51","$84,179.49","$87,456.06","$90,304.78","$90,304.78","$90,304.78","$90,304.78","$90,304.78","$90,304.78","$90,304.78","$90,304.78","$90,304.78","$90,304.78","$90,304.78","$90,304.78","$90,304.78","$90,304.78","$90,304.78","$391,202.57","$839,877.75","$1,291,401.65","$1,742,925.55",Cleburne PD
Cockrell Hill PD,,03-03-2025,"3,633",,,"$48,880.00","$50,960.00","$50,960.00","$50,960.00","$50,960.00","$50,960.00","$50,960.00","$50,960.00","$50,960.00","$50,960.00","$50,960.00","$50,960.00","$50,960.00","$50,960.00","$50,960.00","$50,960.00","$50,960.00","$50,960.00","$50,960.00","$50,960.00","$50,960.00","$252,720.00","$507,520.00","$762,320.00","$1,017,120.00",Cockrell Hill PD
Colleyville PD,,08-29-2024,"25,736",,"$2,500.00","$67,226.00","$67,226.00","$67,226.00","$67,226.00","$67,226.00","$67,226.00","$67,226.00","$67,226.00","$67,226.00","$67,226.00","$67,226.00","$67,226.00","$67,226.00","$67,226.00","$67,226.00","$67,226.00","$67,226.00","$67,226.00","$67,226.00","$67,226.00","$67,226.00","$338,630.00","$674,760.00","$1,010,890.00","$1,347,020.00",Colleyville PD
Collin College PD,,06-04-2024,"56,000",,,"$63,298.00","$64,563.96","$65,196.94","$65,829.92","$66,462.92","$67,095.88","$67,728.86","$68,361.84","$68,994.82","$69,627.80","$70,260.78","$70,893.76","$71,526.74","$72,159.72","$72,792.70","$73,425.68","$74,058.66","$74,691.64","$75,324.62","$75,958.00","$75,958.00","$325,351.74","$667,160.94","$1,024,794.64","$1,398,253.24",Collin College PD
Collin County SO,Pay Plan,10-24-2025,"1,195,000",,,"$78,414.00","$78,414.00","$78,414.00","$78,414.00","$78,414.00","$78,414.00","$78,414.00","$78,414.00","$78,414.00","$78,414.00","$78,414.00","$78,414.00","$78,414.00","$78,414.00","$78,414.00","$78,414.00","$78,414.00","$78,414.00","$78,414.00","$78,414.00","$78,414.00","$392,070.00","$784,140.00","$1,176,210.00","$1,568,280.00",Collin County SO
Collinsville PD,,10-17-2023,"2,023",,,"$45,760.00","$45,760.00","$45,760.00","$45,760.00","$45,760.00","$45,760.00","$45,760.00","$45,760.00","$45,760.00","$45,760.00","$45,760.00","$45,760.00","$45,760.00","$45,760.00","$45,760.00","$45,760.00","$45,760.00","$45,760.00","$45,760.00","$45,760.00","$45,760.00","$228,800.00","$457,600.00","$686,400.00","$915,200.00",Collinsville PD
Commerce PD,,,"9,467",,,"$43,284.80","$44,803.20","$46,384.00","$48,027.20","$49,712.00","$49,712.00","$49,712.00","$49,712.00","$49,712.00","$49,712.00","$49,712.00","$49,712.00","$49,712.00","$49,712.00","$49,712.00","$49,712.00","$49,712.00","$49,712.00","$49,712.00","$49,712.00","$49,712.00","$232,211.20","$480,771.20","$729,331.20","$977,891.20",Commerce PD
Coppell PD,Pay Plan,10-30-2025,"41,404",,,"$81,689.00","$84,975.00","$88,374.00","$91,909.00","$95,585.00","$99,408.00","$103,385.00","$107,521.00","$107,521.00","$107,521.00","$107,521.00","$107,521.00","$107,521.00","$107,521.00","$107,521.00","$107,521.00","$107,521.00","$107,521.00","$107,521.00","$107,521.00","$107,521.00","$442,532.00","$967,888.00","$1,505,493.00","$2,043,098.00",Coppell PD
Corinth PD,Pay Plan,10-15-2025,"23,707",37,,"$70,324.80","$72,425.60","$74,588.80","$76,814.40","$79,102.40","$81,473.60","$83,907.20","$83,907.20","$83,907.20","$83,907.20","$83,907.20","$83,907.20","$83,907.20","$83,907.20","$83,907.20","$83,907.20","$83,907.20","$83,907.20","$83,907.20","$83,907.20","$83,907.20","$373,256.00","$790,358.40","$1,209,894.40","$1,629,430.40",Corinth PD
Crandall PD,,10-23-2025,"4,995",,,"$59,366.00","$61,366.00","$63,366.00","$65,366.00","$67,366.00","$69,366.00","$71,366.00","$73,366.00","$75,366.00","$77,366.00","$79,366.00","$87,366.00","$83,366.00","$83,366.00","$83,366.00","$83,366.00","$83,366.00","$83,366.00","$83,366.00","$83,366.00","$83,366.00","$316,830.00","$683,660.00","$1,100,490.00","$1,517,320.00",Crandall PD
Cross Roads PD,Pay Plan,09-30-2025,"1,964",,,"$75,401.00","$78,418.00","$81,555.00","$84,817.00","$88,209.00","$91,738.00","$91,738.00","$91,738.00","$91,738.00","$91,738.00","$91,738.00","$91,738.00","$91,738.00","$91,738.00","$91,738.00","$91,738.00","$91,738.00","$91,738.00","$91,738.00","$91,738.00","$91,738.00","$408,400.00","$867,090.00","$1,325,780.00","$1,784,470.00",Cross Roads PD
Crowley PD,,10-02-2024,"19,932",,,"$72,675.20","$74,859.20","$77,105.60","$79,414.40","$81,806.40","$84,260.80","$86,798.40","$89,398.40","$92,102.40","$94,868.80","$97,697.60","$97,697.60","$97,697.60","$97,697.60","$97,697.60","$97,697.60","$97,697.60","$97,697.60","$97,697.60","$97,697.60","$97,697.60","$385,860.80","$833,289.60","$1,321,777.60","$1,810,265.60",Crowley PD
Dallas College PD,,,"100,000",,,"$57,200.00","$61,490.00","$65,780.00","$70,070.00","$74,360.00","$74,360.00","$74,360.00","$74,360.00","$74,360.00","$74,360.00","$74,360.00","$74,360.00","$74,360.00","$74,360.00","$74,360.00","$74,360.00","$74,360.00","$74,360.00","$74,360.00","$74,360.00","$74,360.00","$328,900.00","$700,700.00","$1,072,500.00","$1,444,300.00",Dallas College PD
Dallas County Constables Office,Pay Plan,07-16-2025,,,,"$70,137.60","$73,174.40","$76,564.80","$80,017.60","$83,532.80","$83,532.80","$87,339.20","$87,339.20","$91,208.00","$91,208.00","$95,763.20","$95,763.20","$95,763.20","$95,763.20","$95,763.20","$95,763.20","$95,763.20","$95,763.20","$95,763.20","$95,763.20","$95,763.20","$383,427.20","$824,054.40","$1,302,870.40","$1,781,686.40",Dallas County Constables Office
Dallas County SO,Pay Plan,10-30-2025,"2,613,539",,,"$70,137.60","$73,174.40","$76,564.80","$80,017.60","$83,532.80","$83,532.80","$87,339.20","$87,339.20","$91,208.00","$91,208.00","$95,763.20","$95,763.20","$95,763.20","$95,763.20","$95,763.20","$95,763.20","$95,763.20","$95,763.20","$95,763.20","$95,763.20","$95,763.20","$383,427.20","$824,054.40","$1,302,870.40","$1,781,686.40",Dallas County SO
Dallas ISD PD,,09-27-2023,"145,000",,"$4,000.00","$70,000.00","$70,000.00","$70,000.00","$70,000.00","$70,000.00","$70,000.00","$70,000.00","$70,000.00","$70,000.00","$70,000.00","$70,000.00","$70,000.00","$70,000.00","$70,000.00","$70,000.00","$70,000.00","$70,000.00","$70,000.00","$70,000.00","$70,000.00","$70,000.00","$354,000.00","$704,000.00","$1,054,000.00","$1,404,000.00",Dallas ISD PD
Dallas PD,Pay Plan,01-09-2025,"1,304,379","3,100",,"$75,397.00","$77,659.00","$79,989.00","$82,389.00","$84,861.00","$87,407.00","$90,029.00","$92,730.00","$95,512.00","$98,377.00","$98,377.00","$98,377.00","$98,377.00","$98,377.00","$98,377.00","$98,377.00","$98,377.00","$98,377.00","$98,377.00","$98,377.00","$98,377.00","$400,295.00","$864,350.00","$1,356,235.00","$1,848,120.00",Dallas PD
Dalworthington Gardens DPS,,03-20-2025,"2,275",,,"$55,848.00","$55,848.00","$55,848.00","$55,848.00","$55,848.00","$55,848.00","$55,848.00","$55,848.00","$55,848.00","$55,848.00","$55,848.00","$55,848.00","$55,848.00","$55,848.00","$55,848.00","$55,848.00","$55,848.00","$55,848.00","$55,848.00","$55,848.00","$55,848.00","$279,240.00","$558,480.00","$837,720.00","$1,116,960.00",Dalworthington Gardens DPS
DART,Pay Plan,,,252,"$5,000.00","$70,000.00","$77,175.00","$81,033.75","$85,085.44","$89,339.71","$93,806.69","$93,806.69","$93,806.69","$93,806.69","$93,806.69","$98,497.03","$98,497.03","$98,497.03","$98,497.03","$98,497.03","$103,421.88","$103,421.88","$103,421.88","$103,421.88","$108,592.98","$108,592.98","$407,633.90","$876,667.35","$1,369,152.50","$1,891,433.00",Dart
Decatur PD,Pay Plan,07-24-2024,"8,016",,,"$62,000.00","$63,860.00","$65,776.00","$67,749.00","$69,782.00","$71,875.00","$71,875.00","$71,875.00","$71,875.00","$71,875.00","$71,875.00","$71,875.00","$71,875.00","$71,875.00","$71,875.00","$71,875.00","$71,875.00","$71,875.00","$71,875.00","$71,875.00","$71,875.00","$329,167.00","$688,542.00","$1,047,917.00","$1,407,292.00",Decatur PD
Denison PD,,11-12-2024,"26,343",,,"$73,164.00","$77,619.00","$82,349.00","$87,361.00","$89,982.00","$92,681.00","$95,462.00","$95,462.00","$95,462.00","$95,462.00","$95,462.00","$95,462.00","$95,462.00","$95,462.00","$95,462.00","$95,462.00","$95,462.00","$95,462.00","$95,462.00","$95,462.00","$95,462.00","$410,475.00","$885,004.00","$1,362,314.00","$1,839,624.00",Denison PD
Denton CO SO,,05-29-2024,"1,000,008",,,"$67,009.00","$67,009.00","$67,009.00","$67,009.00","$67,009.00","$67,009.00","$67,009.00","$67,009.00","$67,009.00","$67,009.00","$67,009.00","$67,009.00","$67,009.00","$67,009.00","$67,009.00","$67,009.00","$67,009.00","$67,009.00","$67,009.00","$67,009.00","$67,009.00","$335,045.00","$670,090.00","$1,005,135.00","$1,340,180.00",Denton CO SO
Denton PD,Pay Plan,12-31-2024,"158,349",216,,"$81,176.00","$84,724.00","$90,750.75","$96,777.50","$96,777.50","$102,804.25","$102,804.25","$108,831.00","$108,831.00","$108,831.00","$108,831.00","$108,831.00","$108,831.00","$108,831.00","$108,831.00","$108,831.00","$108,831.00","$108,831.00","$108,831.00","$108,831.00","$108,831.00","$450,205.75","$982,307.25","$1,526,462.25","$2,070,617.25",Denton PD
DeSoto PD,Pay Plan,03-20-2025,"55,740",,,"$78,030.00","$82,711.80","$87,664.31","$92,934.97","$92,934.97","$92,934.97","$92,934.97","$92,934.97","$92,934.97","$92,934.97","$92,934.97","$92,934.97","$92,934.97","$92,934.97","$92,934.97","$92,934.97","$92,934.97","$92,934.97","$92,934.97","$92,934.97","$92,934.97","$434,276.05","$898,950.90","$1,363,625.75","$1,828,300.60",DeSoto PD
DFW Airport DPS,Pay Plan,12-18-2025,,215,,"$85,065.00","$92,008.00","$95,682.00","$99,512.00","$103,494.00","$107,636.00","$111,938.00","$111,938.00","$111,938.00","$111,938.00","$111,938.00","$111,938.00","$111,938.00","$111,938.00","$111,938.00","$111,938.00","$111,938.00","$111,938.00","$111,938.00","$111,938.00","$111,938.00","$475,761.00","$1,031,149.00","$1,590,839.00","$2,150,529.00",DFW Airport DPS
Double Oak PD,,02-20-2025,"3,054",,,"$76,680.00","$76,680.00","$76,680.00","$76,680.00","$76,680.00","$76,680.00","$76,680.00","$76,680.00","$76,680.00","$76,680.00","$76,680.00","$76,680.00","$76,680.00","$76,680.00","$76,680.00","$76,680.00","$76,680.00","$76,680.00","$76,680.00","$76,680.00","$76,680.00","$383,400.00","$766,800.00","$1,150,200.00","$1,533,600.00",Double Oak PD
DPS - Trooper - 50 hour work week²,Pay Plan,03-10-2025,,,,"$70,475.63","$76,231.38","$90,544.78","$90,544.78","$110,376.75","$110,376.75","$110,376.75","$110,376.75","$118,234.88","$118,234.88","$118,234.88","$118,234.88","$123,459.39","$123,459.39","$123,459.39","$123,459.39","$129,163.65","$129,163.65","$129,163.65","$129,163.65","$134,866.46","$438,173.32","$1,005,773.33","$1,612,621.26","$2,252,735.25",DPS - Trooper - 50 hour work week²
DPS - Trooper - Standard Hours,Pay Plan,03-10-2025,,,,"$51,255.00","$55,441.00","$65,850.75","$65,850.75","$80,274.00","$80,274.00","$80,274.00","$80,274.00","$85,989.00","$85,989.00","$85,989.00","$85,989.00","$89,788.65","$89,788.65","$89,788.65","$89,788.65","$93,937.20","$93,937.20","$93,937.20","$93,937.20","$98,084.70","$318,671.50","$731,471.50","$1,172,815.45","$1,638,352.90",DPS - Trooper - Standard Hours
Duncanville PD,Pay Plan,10-24-2025,"38,883",,"$20,000.00","$73,910.00","$76,157.00","$78,411.00","$80,763.00","$88,840.00","$93,282.00","$99,282.00","$99,282.00","$99,282.00","$99,282.00","$99,282.00","$99,282.00","$99,282.00","$99,282.00","$99,282.00","$99,282.00","$99,282.00","$99,282.00","$99,282.00","$99,282.00","$99,282.00","$418,081.00","$908,491.00","$1,404,901.00","$1,901,311.00",Duncanville PD
Ellis County SO,Pay Plan,09-28-2025,"179,484",,,"$83,220.00","$86,424.00","$89,751.00","$93,206.00","$96,794.00","$100,521.00","$100,521.00","$100,521.00","$100,521.00","$100,521.00","$100,521.00","$100,521.00","$100,521.00","$100,521.00","$100,521.00","$100,521.00","$100,521.00","$100,521.00","$100,521.00","$100,521.00","$100,521.00","$449,395.00","$952,000.00","$1,454,605.00","$1,957,210.00",Ellis County SO
Elm Ridge PD,Pay Plan,10-21-2025,"20,000",26,"$5,000.00","$81,620.00","$84,884.80","$88,280.49","$91,811.40","$95,483.86","$99,303.21","$103,275.34","$103,275.34","$103,275.34","$103,275.34","$103,275.34","$103,275.34","$103,275.34","$103,275.34","$103,275.34","$103,275.34","$103,275.34","$103,275.34","$103,275.34","$103,275.34","$103,275.34","$447,080.55","$959,485.12","$1,475,861.82","$1,992,238.52",Elm Ridge PD
Ennis PD,,04-17-2025,"23,686",,,"$67,218.00","$71,313.00","$73,451.00","$75,655.00","$77,924.00","$80,262.00","$82,670.00","$82,670.00","$82,670.00","$82,670.00","$82,670.00","$82,670.00","$82,670.00","$82,670.00","$82,670.00","$82,670.00","$82,670.00","$82,670.00","$82,670.00","$82,670.00","$82,670.00","$365,561.00","$776,503.00","$1,189,853.00","$1,603,203.00",Ennis PD
Euless PD,Pay Plan,09-19-2024,"59,686",,,"$78,181.00","$81,895.00","$85,803.00","$95,172.00","$99,493.00","$103,983.00","$103,983.00","$103,983.00","$103,983.00","$103,983.00","$103,983.00","$103,983.00","$103,983.00","$103,983.00","$103,983.00","$103,983.00","$103,983.00","$103,983.00","$103,983.00","$103,983.00","$103,983.00","$440,544.00","$960,459.00","$1,480,374.00","$2,000,289.00",Euless PD
Everman PD,,02-19-2025,"5,941",,,"$57,439.20","$59,448.48","$61,523.28","$63,685.44","$65,913.12","$68,206.32","$70,608.72","$73,076.64","$75,631.92","$78,274.56","$78,274.56","$78,274.56","$78,274.56","$78,274.56","$78,274.56","$78,274.56","$78,274.56","$78,274.56","$78,274.56","$78,274.56","$78,274.56","$308,009.52","$673,807.68","$1,065,180.48","$1,456,553.28",Everman PD
Fairview PD¹,,07-21-2025,"10,790",,,"$75,978.24","$78,368.56","$81,390.40","$84,242.08","$87,187.36","$90,242.88","$93,400.32","$96,667.26","$96,667.26","$96,667.26","$96,667.26","$96,667.26","$96,667.26","$96,667.26","$96,667.26","$96,667.26","$96,667.26","$96,667.26","$96,667.26","$96,667.26","$96,667.26","$407,166.64","$880,811.62","$1,364,147.92","$1,847,484.22",Fairview PD
Farmers Branch PD,Pay Plan,10-06-2025,"45,659",,"$5,000.00","$84,440.51","$88,253.20","$92,206.23","$96,369.78","$100,697.06","$105,211.47","$109,959.79","$109,959.79","$109,959.79","$109,959.79","$109,959.79","$109,959.79","$109,959.79","$109,959.79","$109,959.79","$109,959.79","$109,959.79","$109,959.79","$109,959.79","$109,959.79","$109,959.79","$466,966.78","$1,012,017.41","$1,561,816.36","$2,111,615.31",Farmers Branch PD
Farmersville PD,,10-01-2024,"4,175",10,,"$67,000.00","$70,000.00","$73,000.00","$76,000.00","$79,000.00","$82,000.00","$82,000.00","$82,000.00","$82,000.00","$82,000.00","$82,000.00","$82,000.00","$82,000.00","$82,000.00","$82,000.00","$82,000.00","$82,000.00","$82,000.00","$82,000.00","$82,000.00","$82,000.00","$365,000.00","$775,000.00","$1,185,000.00","$1,595,000.00",Farmersville PD
Fate PD,Pay Plan,09-29-2025,"24,626",,,"$81,801.68","$8,255.73","$86,783.40","$89,386.90","$92,068.51","$94,830.56","$97,675.48","$100,605.74","$100,605.74","$100,605.74","$100,605.74","$100,605.74","$100,605.74","$100,605.74","$100,605.74","$100,605.74","$100,605.74","$100,605.74","$100,605.74","$100,605.74","$100,605.74","$358,296.22","$852,619.48","$1,355,648.18","$1,858,676.88",Fate PD
Flower Mound PD,Pay Plan,10-07-2025,"81,270",114,,"$82,576.00","$85,051.20","$87,609.60","$90,230.40","$92,934.40","$95,721.60","$98,592.00","$101,545.60","$104,582.40","$104,582.40","$104,582.40","$104,582.40","$104,582.40","$104,582.40","$104,582.40","$104,582.40","$104,582.40","$104,582.40","$104,582.40","$104,582.40","$104,582.40","$438,401.60","$943,425.60","$1,466,337.60","$1,989,249.60",Flower Mound PD
Forest Hill PD,Pay Plan,11-21-2025,"14,157",,"$9,000.00","$71,809.92","$73,316.88","$74,845.68","$76,440.00","$78,034.32","$79,672.32","$81,354.00","$83,057.52","$84,804.72","$86,573.76","$88,408.32","$90,264.72","$92,164.80","$92,164.80","$92,164.80","$92,164.80","$92,164.80","$92,164.80","$92,164.80","$92,164.80","$92,164.80","$383,446.80","$798,909.12","$1,254,076.56","$1,714,900.56",Forest Hill PD
Forney PD,Pay Plan,09-26-2025,"35,470",46,"$10,000.00","$81,681.51","$85,765.59","$90,053.86","$94,556.56","$99,284.39","$104,248.61","$104,248.61","$104,248.61","$104,248.61","$104,248.61","$104,248.61","$104,248.61","$104,248.61","$104,248.61","$104,248.61","$104,248.61","$104,248.61","$104,248.61","$104,248.61","$104,248.61","$104,248.61","$461,341.91","$982,584.96","$1,503,828.01","$2,025,071.06",Forney PD
Fort Worth PD,Pay Plan,12-16-2025,"978,468","1,816",,"$78,358.00","$82,262.00","$86,385.00","$90,694.00","$93,523.00","$93,523.00","$95,854.00","$95,854.00","$98,246.00","$98,246.00","$100,700.00","$100,700.00","$104,447.00","$104,447.00","$109,857.00","$109,857.00","$109,857.00","$109,857.00","$109,857.00","$109,857.00","$109,857.00","$431,222.00","$912,945.00","$1,433,096.00","$1,982,381.00",Fort Worth PD
Frisco PD¹,Pay Plan,12-14-2025,"225,007",,,"$90,750.00","$93,926.00","$97,214.00","$100,616.00","$104,138.00","$108,414.00","$112,750.00","$112,750.00","$112,750.00","$112,750.00","$112,750.00","$112,750.00","$112,750.00","$112,750.00","$112,750.00","$112,750.00","$112,750.00","$112,750.00","$112,750.00","$112,750.00","$112,750.00","$486,644.00","$1,046,058.00","$1,609,808.00","$2,173,558.00",Frisco PD¹
Garland PD,Pay Plan,01-01-2025,"243,470",357,,"$82,482.00","$87,513.00","$91,645.00","$95,988.00","$99,416.00","$102,883.00","$105,447.00","$108,259.00","$110,733.00","$110,733.00","$110,733.00","$110,733.00","$110,733.00","$110,733.00","$110,733.00","$110,733.00","$110,733.00","$110,733.00","$110,733.00","$110,733.00","$110,733.00","$457,044.00","$995,099.00","$1,548,764.00","$2,102,429.00",Garland PD
Glenn Heights PD,Pay Plan,10-12-2025,"18,793",31,,"$79,155.50","$81,530.17","$83,976.07","$86,495.35","$89,090.21","$91,762.92","$94,515.81","$97,351.28","$100,271.00","$100,271.00","$100,271.00","$100,271.00","$100,271.00","$100,271.00","$100,271.00","$100,271.00","$100,271.00","$100,271.00","$100,271.00","$100,271.00","$100,271.00","$420,247.30","$904,419.31","$1,405,774.31","$1,907,129.31",Glen Heights PD
Godley PD,,04-14-2025,"3,589",,,"$65,362.00","$65,362.00","$65,362.00","$65,362.00","$65,362.00","$65,362.00","$65,362.00","$65,362.00","$65,362.00","$65,362.00","$65,362.00","$65,362.00","$65,362.00","$65,362.00","$65,362.00","$65,362.00","$65,362.00","$65,362.00","$65,362.00","$65,362.00","$65,362.00","$326,810.00","$653,620.00","$980,430.00","$1,307,240.00",Godley PD
Granbury PD,Pay Plan,12-18-2025,"12,622",48,,"$72,605.00","$76,235.00","$76,235.00","$76,235.00","$76,235.00","$76,235.00","$76,235.00","$76,235.00","$76,235.00","$76,235.00","$76,235.00","$76,235.00","$76,235.00","$76,235.00","$76,235.00","$76,235.00","$76,235.00","$76,235.00","$76,235.00","$76,235.00","$76,235.00","$377,545.00","$758,720.00","$1,139,895.00","$1,521,070.00",Granbury PD
Grand Prairie PD,Pay Plan,07-12-2025,"193,835",216,,"$90,000.00","$91,000.00","$92,000.00","$93,250.00","$97,900.00","$102,750.00","$108,000.00","$111,255.00","$111,255.00","$111,255.00","$111,255.00","$111,255.00","$111,255.00","$111,255.00","$111,255.00","$111,255.00","$111,255.00","$111,255.00","$111,255.00","$111,255.00","$111,255.00","$464,150.00","$1,008,665.00","$1,564,940.00","$2,121,215.00",Grand Prairie PD
Grapevine PD,Pay Plan,10-11-2025,"50,928",113,,"$80,912.00","$84,968.00","$89,211.20","$93,662.40","$98,363.20","$103,292.80","$105,352.00","$105,352.00","$105,352.00","$105,352.00","$105,352.00","$105,352.00","$105,352.00","$105,352.00","$105,352.00","$105,352.00","$105,352.00","$105,352.00","$105,352.00","$105,352.00","$105,352.00","$447,116.80","$971,817.60","$1,498,577.60","$2,025,337.60",Grapevine PD
Grayson County College PD,,10-17-2023,"5,000",,,"$42,473.60","$42,473.60","$42,473.60","$42,473.60","$42,473.60","$42,473.60","$42,473.60","$42,473.60","$42,473.60","$42,473.60","$42,473.60","$42,473.60","$42,473.60","$42,473.60","$42,473.60","$42,473.60","$42,473.60","$42,473.60","$42,473.60","$42,473.60","$42,473.60","$212,368.00","$424,736.00","$637,104.00","$849,472.00",Grayson County College PD
Grayson County SO,Pay Plan,09-28-2025,"146,907",,,"$72,208.00","$75,708.00","$79,086.00","$80,809.00","$82,532.00","$84,255.00","$85,978.00","$85,978.00","$85,978.00","$85,978.00","$85,978.00","$85,978.00","$85,978.00","$85,978.00","$85,978.00","$85,978.00","$85,978.00","$85,978.00","$85,978.00","$85,978.00","$85,978.00","$390,343.00","$818,510.00","$1,248,400.00","$1,678,290.00",Grayson County SO
Greenville PD,Pay Plan,10-01-2025,"32,717",,"$5,000.00","$74,476.27","$79,014.62","$81,380.62","$81,380.62","$83,814.85","$86,344.75","$88,923.54","$91,597.79","$94,354.00","$97,184.05","$100,098.54","$100,098.54","$100,098.54","$100,098.54","$100,098.54","$100,098.54","$100,098.54","$100,098.54","$100,098.54","$100,098.54","$100,098.54","$405,066.98","$863,471.11","$1,363,963.81","$1,864,456.51",Greenville PD
Gunter PD,,10-17-2023,"2,463",,,"$64,250.00","$64,250.00","$64,250.00","$64,250.00","$64,250.00","$64,250.00","$64,250.00","$64,250.00","$64,250.00","$64,250.00","$64,250.00","$64,250.00","$64,250.00","$64,250.00","$64,250.00","$64,250.00","$64,250.00","$64,250.00","$64,250.00","$64,250.00","$64,250.00","$321,250.00","$642,500.00","$963,750.00","$1,285,000.00",Gunter PD
Haltom City PD,Pay Plan,10-05-2025,"45,290",,,"$82,753.65","$84,823.20","$86,943.15","$89,117.70","$91,345.80","$93,628.50","$100,828.35","$100,828.35","$100,828.35","$100,828.35","$100,828.35","$100,828.35","$100,828.35","$100,828.35","$100,828.35","$100,828.35","$100,828.35","$100,828.35","$100,828.35","$100,828.35","$100,828.35","$434,983.50","$931,925.40","$1,436,067.15","$1,940,208.90",Haltom City PD
Heath DPS,,02-19-2025,"11,238",,,"$62,837.06","$62,837.06","$62,837.06","$62,837.06","$62,837.06","$62,837.06","$62,837.06","$62,837.06","$62,837.06","$62,837.06","$62,837.06","$62,837.06","$62,837.06","$62,837.06","$62,837.06","$62,837.06","$62,837.06","$62,837.06","$62,837.06","$62,837.06","$62,837.06","$314,185.30","$628,370.60","$942,555.90","$1,256,741.20",Heath DPS
Hickory Creek PD,,10-03-2023,"5,688",,,"$60,473.00","$60,473.00","$60,473.00","$60,473.00","$60,473.00","$60,473.00","$60,473.00","$60,473.00","$60,473.00","$60,473.00","$60,473.00","$60,473.00","$60,473.00","$60,473.00","$60,473.00","$60,473.00","$60,473.00","$60,473.00","$60,473.00","$60,473.00","$60,473.00","$302,365.00","$604,730.00","$907,095.00","$1,209,460.00",Hickory Creek PD
Highland Park DPS³,,02-11-2025,"8,642",60,,"$73,677.50","$73,677.50","$73,677.50","$73,677.50","$73,677.50","$73,677.50","$73,677.50","$73,677.50","$73,677.50","$73,677.50","$73,677.50","$73,677.50","$73,677.50","$73,677.50","$73,677.50","$73,677.50","$73,677.50","$73,677.50","$73,677.50","$73,677.50","$73,677.50","$368,387.50","$736,775.00","$1,105,162.50","$1,473,550.00",Highland Park DPS³
Highland Village PD,,07-21-2025,"16,100",32,,"$74,922.00","$74,922.00","$74,922.00","$74,922.00","$74,922.00","$74,922.00","$74,922.00","$74,922.00","$74,922.00","$74,922.00","$74,922.00","$74,922.00","$74,922.00","$74,922.00","$74,922.00","$74,922.00","$74,922.00","$74,922.00","$74,922.00","$74,922.00","$74,922.00","$374,610.00","$749,220.00","$1,123,830.00","$1,498,440.00",Highland Village PD
Hood County SO,Pay Plan,09-30-2025,"67,774",,,"$68,500.00","$68,970.00","$68,970.00","$71,610.00","$71,610.00","$74,250.00","$74,250.00","$77,990.00","$77,990.00","$77,990.00","$79,530.00","$79,530.00","$79,530.00","$79,530.00","$79,530.00","$79,530.00","$79,530.00","$79,530.00","$79,530.00","$79,530.00","$79,530.00","$349,660.00","$732,130.00","$1,129,780.00","$1,527,430.00",Hood County SO
Howe PD,Pay Plan,12-20-2025,"3,673",,,"$62,244.00","$65,500.00","$67,650.00","$69,888.00","$74,256.00","$78,624.00","$82,992.00","$82,992.00","$82,992.00","$82,992.00","$82,992.00","$82,992.00","$82,992.00","$82,992.00","$82,992.00","$82,992.00","$82,992.00","$82,992.00","$82,992.00","$82,992.00","$82,992.00","$339,538.00","$750,130.00","$1,165,090.00","$1,580,050.00",Howe PD
Hudson Oaks PD,Pay Plan,03-12-2025,"2,656",,,"$65,562.70","$70,937.30","$70,937.30","$73,774.79","$73,774.79","$77,463.53","$77,463.53","$77,463.53","$80,562.07","$80,562.07","$80,562.07","$80,562.07","$84,590.17","$84,590.17","$84,590.17","$87,127.88","$87,127.88","$87,127.88","$89,741.72","$89,741.72","$89,741.72","$354,986.88","$748,501.61","$1,163,396.26","$1,604,263.34",Hudson Oaks
Hunt County SO,,05-05-2024,"113,347",,,"$63,795.00","$63,795.00","$63,795.00","$63,795.00","$63,795.00","$63,795.00","$63,795.00","$63,795.00","$63,795.00","$63,795.00","$63,795.00","$63,795.00","$63,795.00","$63,795.00","$63,795.00","$63,795.00","$63,795.00","$63,795.00","$63,795.00","$63,795.00","$63,795.00","$318,975.00","$637,950.00","$956,925.00","$1,275,900.00",Hunt County SO
Hurst PD,Pay Plan,10-08-2025,"39,304",75,,"$87,048.00","$95,326.00","$95,326.00","$95,326.00","$95,326.00","$95,326.00","$95,326.00","$95,326.00","$95,326.00","$95,326.00","$95,326.00","$95,326.00","$95,326.00","$95,326.00","$95,326.00","$95,326.00","$95,326.00","$95,326.00","$95,326.00","$95,326.00","$95,326.00","$468,352.00","$944,982.00","$1,421,612.00","$1,898,242.00",Hurst PD
Hutchins PD,,11-15-2024,"6,149",,,"$60,953.49","$63,086.40","$65,291.20","$67,579.20","$67,579.20","$67,579.20","$67,579.20","$67,579.20","$67,579.20","$67,579.20","$67,579.20","$67,579.20","$67,579.20","$67,579.20","$67,579.20","$67,579.20","$67,579.20","$67,579.20","$67,579.20","$67,579.20","$67,579.20","$324,489.49","$662,385.49","$1,000,281.49","$1,338,177.49",Hutchins PD
Irving PD,Pay Plan,01-07-2026,"254,373",400,"$8,000.00","$83,808.00","$87,996.00","$92,388.00","$96,996.00","$101,844.00","$106,932.00","$112,272.00","$112,272.00","$112,272.00","$112,272.00","$112,272.00","$112,272.00","$112,272.00","$112,272.00","$112,272.00","$112,272.00","$112,272.00","$112,272.00","$112,272.00","$112,272.00","$112,272.00","$471,032.00","$1,027,052.00","$1,588,412.00","$2,149,772.00",Irving PD
Italy PD,,11-15-2024,"2,079",,,"$52,400.00","$52,400.00","$52,400.00","$52,400.00","$52,400.00","$52,400.00","$52,400.00","$52,400.00","$52,400.00","$52,400.00","$52,400.00","$52,400.00","$52,400.00","$52,400.00","$52,400.00","$52,400.00","$52,400.00","$52,400.00","$52,400.00","$52,400.00","$52,400.00","$262,000.00","$524,000.00","$786,000.00","$1,048,000.00",Italy PD
Johnson County SO,Pay Plan,09-26-2025,"202,906",117,,"$71,610.00","$73,656.00","$75,702.00","$77,748.00","$79,794.00","$82,863.00","$85,932.00","$87,978.00","$90,024.00","$90,024.00","$91,047.00","$91,047.00","$92,070.00","$92,070.00","$92,070.00","$94,116.00","$94,116.00","$95,139.00","$95,139.00","$95,139.00","$95,139.00","$378,510.00","$815,331.00","$1,273,635.00","$1,747,284.00",Johnson County SO
Josephine PD,,08-28-2024,"7,113",,,"$70,000.00","$71,294.00","$73,432.00","$75,635.00","$77,904.00","$80,242.00","$82,649.00","$82,649.00","$82,649.00","$82,649.00","$82,649.00","$82,649.00","$82,649.00","$82,649.00","$82,649.00","$82,649.00","$82,649.00","$82,649.00","$82,649.00","$82,649.00","$82,649.00","$368,265.00","$779,103.00","$1,192,348.00","$1,605,593.00",Josephine PD
Joshua PD,Pay Plan,10-23-2025,"8,901",,,"$60,000.00","$60,000.00","$60,000.00","$60,000.00","$60,000.00","$60,000.00","$60,000.00","$60,000.00","$60,000.00","$60,000.00","$60,000.00","$60,000.00","$60,000.00","$60,000.00","$60,000.00","$60,000.00","$60,000.00","$60,000.00","$60,000.00","$60,000.00","$60,000.00","$300,000.00","$600,000.00","$900,000.00","$1,200,000.00",Joshua PD
Justin PD,,11-03-2025,"5,892",,,"$65,416.00","$65,416.00","$65,416.00","$65,416.00","$65,416.00","$65,416.00","$65,416.00","$65,416.00","$65,416.00","$65,416.00","$65,416.00","$65,416.00","$65,416.00","$65,416.00","$65,416.00","$65,416.00","$65,416.00","$65,416.00","$65,416.00","$65,416.00","$65,416.00","$327,080.00","$654,160.00","$981,240.00","$1,308,320.00",Justin PD
Kaufman County SO,,,"185,690",,,"$61,000.00","$63,000.00","$65,000.00","$67,000.00","$69,000.00","$71,000.00","$73,000.00","$75,000.00","$77,000.00","$79,000.00","$81,000.00","$83,000.00","$85,000.00","$85,000.00","$85,000.00","$85,000.00","$85,000.00","$85,000.00","$85,000.00","$85,000.00","$85,000.00","$325,000.00","$700,000.00","$1,119,000.00","$1,544,000.00",Kaufman County SO
Kaufman PD,,04-17-2025,"9,201",16,,"$55,440.00","$57,960.00","$60,480.00","$63,630.00","$66,780.00","$69,930.00","$73,080.00","$76,230.00","$79,380.00","$82,530.00","$82,530.00","$82,530.00","$82,530.00","$82,530.00","$82,530.00","$82,530.00","$82,530.00","$82,530.00","$82,530.00","$82,530.00","$82,530.00","$304,290.00","$685,440.00","$1,098,090.00","$1,510,740.00",Kaufman PD
Keene PD,,02-19-2024,"6,860",,,"$62,753.60","$62,753.60","$64,646.00","$64,646.00","$64,646.00","$64,646.00","$64,646.00","$64,646.00","$64,646.00","$64,646.00","$64,646.00","$64,646.00","$64,646.00","$64,646.00","$64,646.00","$64,646.00","$64,646.00","$64,646.00","$64,646.00","$64,646.00","$64,646.00","$319,445.20","$642,675.20","$965,905.20","$1,289,135.20",Keene PD
Keller PD,Pay Plan,10-03-2025,"46,316",,"$2,500.00","$76,274.00","$77,792.00","$79,352.00","$80,933.00","$82,555.00","$84,198.00","$85,883.00","$87,610.00","$89,357.00","$91,146.00","$91,146.00","$91,146.00","$91,146.00","$91,146.00","$91,146.00","$91,146.00","$91,146.00","$91,146.00","$91,146.00","$91,146.00","$91,146.00","$399,406.00","$837,600.00","$1,293,330.00","$1,749,060.00",Keller PD
Kennedale PD,,08-17-2025,"10,052",,,"$70,096.00","$71,498.00","$72,928.00","$74,386.00","$75,874.00","$77,392.00","$80,518.00","$80,518.00","$80,518.00","$80,518.00","$80,518.00","$80,518.00","$80,518.00","$80,518.00","$80,518.00","$80,518.00","$80,518.00","$80,518.00","$80,518.00","$80,518.00","$80,518.00","$364,782.00","$764,246.00","$1,166,836.00","$1,569,426.00",Kennedale PD
Krugerville PD,,06-16-2025,"1,955",,,"$73,499.00","$73,499.00","$73,499.00","$73,499.00","$73,499.00","$73,499.00","$73,499.00","$73,499.00","$73,499.00","$73,499.00","$73,499.00","$73,499.00","$73,499.00","$73,499.00","$73,499.00","$73,499.00","$73,499.00","$73,499.00","$73,499.00","$73,499.00","$73,499.00","$367,495.00","$734,990.00","$1,102,485.00","$1,469,980.00",Krugerville PD
Krum PD,,05-01-2024,"6,548",,,"$62,022.00","$62,022.00","$62,022.00","$62,022.00","$62,022.00","$62,022.00","$62,022.00","$62,022.00","$62,022.00","$62,022.00","$62,022.00","$62,022.00","$62,022.00","$62,022.00","$62,022.00","$62,022.00","$62,022.00","$62,022.00","$62,022.00","$62,022.00","$62,022.00","$310,110.00","$620,220.00","$930,330.00","$1,240,440.00",Krum PD
Lake Dallas PD,,04-17-2025,"7,917",18,,"$65,532.00","$65,532.00","$65,532.00","$65,532.00","$65,532.00","$65,532.00","$65,532.00","$65,532.00","$65,532.00","$65,532.00","$65,532.00","$65,532.00","$65,532.00","$65,532.00","$65,532.00","$65,532.00","$65,532.00","$65,532.00","$65,532.00","$65,532.00","$65,532.00","$327,660.00","$655,320.00","$982,980.00","$1,310,640.00",Lake Dallas PD
Lake Worth PD,,04-28-2025,"4,616",19,,"$70,000.00","$72,800.00","$75,712.00","$78,740.00","$81,890.00","$85,166.00","$88,572.00","$88,572.00","$88,572.00","$88,572.00","$88,572.00","$88,572.00","$88,572.00","$88,572.00","$88,572.00","$88,572.00","$88,572.00","$88,572.00","$88,572.00","$88,572.00","$88,572.00","$379,142.00","$818,596.00","$1,261,456.00","$1,704,316.00",Lake Worth PD
Lakeside PD,,,"1,597",,,"$62,030.00","$62,030.00","$62,030.00","$62,030.00","$62,030.00","$62,030.00","$62,030.00","$62,030.00","$62,030.00","$62,030.00","$62,030.00","$62,030.00","$62,030.00","$62,030.00","$62,030.00","$62,030.00","$62,030.00","$62,030.00","$62,030.00","$62,030.00","$62,030.00","$310,150.00","$620,300.00","$930,450.00","$1,240,600.00",Lakeside PD
Lancaster PD,Pay Plan,10-09-2025,"40,215",,,"$78,473.55","$81,801.93","$85,296.65","$88,239.21","$91,293.23","$94,467.29","$97,769.94","$97,769.94","$97,769.94","$97,769.94","$97,769.94","$97,769.94","$97,769.94","$97,769.94","$97,769.94","$97,769.94","$97,769.94","$97,769.94","$97,769.94","$97,769.94","$97,769.94","$425,104.57","$910,651.62","$1,399,501.32","$1,888,351.02",Lancaster PD
Lavon PD,,11-14-2024,"7,495",,,"$70,000.00","$70,000.00","$70,000.00","$70,000.00","$70,000.00","$70,000.00","$70,000.00","$70,000.00","$70,000.00","$70,000.00","$70,000.00","$70,000.00","$70,000.00","$70,000.00","$70,000.00","$70,000.00","$70,000.00","$70,000.00","$70,000.00","$70,000.00","$70,000.00","$350,000.00","$700,000.00","$1,050,000.00","$1,400,000.00",Lavon PD
Lewisville PD,Pay Plan,09-27-2025,"133,553",182,"$2,000.00","$86,268.00","$93,244.00","$96,938.00","$100,838.00","$104,514.00","$108,991.00","$108,991.00","$108,991.00","$108,991.00","$108,991.00","$108,991.00","$108,991.00","$108,991.00","$108,991.00","$108,991.00","$108,991.00","$108,991.00","$108,991.00","$108,991.00","$108,991.00","$108,991.00","$483,802.00","$1,028,757.00","$1,573,712.00","$2,118,667.00",Lewisville PD
Little Elm PD,Pay Plan,10-04-2025,"58,496",107,"$5,000.00","$78,817.00","$82,317.00","$85,818.00","$89,319.00","$92,819.00","$96,320.00","$99,821.00","$99,821.00","$99,821.00","$99,821.00","$99,821.00","$99,821.00","$99,821.00","$99,821.00","$99,821.00","$99,821.00","$99,821.00","$99,821.00","$99,821.00","$99,821.00","$99,821.00","$434,090.00","$929,694.00","$1,428,799.00","$1,927,904.00",Little Elm PD
Mansfield PD,Pay Plan,09-28-2025,"78,542",104,,"$84,000.00","$88,200.00","$92,610.00","$97,241.00","$102,103.00","$107,208.00","$107,208.00","$107,208.00","$107,208.00","$107,208.00","$107,208.00","$107,208.00","$107,208.00","$107,208.00","$107,208.00","$107,208.00","$107,208.00","$107,208.00","$107,208.00","$107,208.00","$107,208.00","$464,154.00","$1,000,194.00","$1,536,234.00","$2,072,274.00",Mansfield PD
Maypearl PD,,,965,,,"$40,000.00","$40,000.00","$40,000.00","$40,000.00","$40,000.00","$40,000.00","$40,000.00","$40,000.00","$40,000.00","$40,000.00","$40,000.00","$40,000.00","$40,000.00","$40,000.00","$40,000.00","$40,000.00","$40,000.00","$40,000.00","$40,000.00","$40,000.00","$40,000.00","$200,000.00","$400,000.00","$600,000.00","$800,000.00",Maypearl PD
McKinney PD,Pay Plan,02-01-2025,"213,509",260,,"$85,925.29","$88,896.34","$91,867.39","$94,838.43","$97,809.48","$100,780.53","$103,751.58","$106,772.62","$109,693.67","$109,693.67","$109,693.67","$109,693.67","$109,693.67","$109,693.67","$109,693.67","$109,693.67","$109,693.67","$109,693.67","$109,693.67","$109,693.67","$109,693.67","$459,336.93","$990,029.00","$1,538,497.35","$2,086,965.70",McKinney PD 
Melissa PD,,01-17-2024,"23,571",,,"$71,000.00","$74,067.32","$77,267.15","$80,605.22","$84,087.50","$87,720.22","$91,509.88","$94,273.47","$94,273.47","$94,273.47","$94,273.47","$94,273.47","$94,273.47","$94,273.47","$94,273.47","$94,273.47","$94,273.47","$94,273.47","$94,273.47","$94,273.47","$94,273.47","$387,027.19","$849,077.70","$1,320,445.05","$1,791,812.40",Melissa PD
Mesquite PD,Pay Plan,12-31-2024,"147,317",,,"$77,548.42","$77,548.42","$81,425.84","$85,497.14","$89,771.99","$94,260.59","$98,973.62","$103,922.30","$103,922.30","$103,922.30","$103,922.30","$103,922.30","$103,922.30","$103,922.30","$103,922.30","$103,922.30","$103,922.30","$103,922.30","$103,922.30","$103,922.30","$103,922.30","$411,791.81","$916,792.92","$1,436,404.42","$1,956,015.92",Mesquite PD
Midlothian PD,Pay Plan,10-05-2025,"41,352",86,,"$76,434.67","$79,492.05","$82,671.74","$85,978.61","$89,417.75","$92,994.46","$96,714.24","$100,582.81","$100,582.81","$100,582.81","$100,582.81","$100,582.81","$100,582.81","$100,582.81","$100,582.81","$100,582.81","$100,582.81","$100,582.81","$100,582.81","$100,582.81","$100,582.81","$413,994.82","$905,451.95","$1,408,366.00","$1,911,280.05",Midlothian PD
Murphy PD,Pay Plan,09-29-2025,"20,920",,,"$75,332.93","$77,969.58","$80,698.52","$83,552.97","$86,446.27","$89,471.89","$92,603.41","$95,844.53","$95,844.53","$95,844.53","$95,844.53","$95,844.53","$95,844.53","$95,844.53","$95,844.53","$95,844.53","$95,844.53","$95,844.53","$95,844.53","$95,844.53","$95,844.53","$404,000.27","$873,609.16","$1,352,831.81","$1,832,054.46",Murphy PD
NCTC PD,,07-30-2024,"10,000",,,"$36,087.00","$36,087.00","$36,087.00","$36,087.00","$36,087.00","$36,087.00","$36,087.00","$36,087.00","$36,087.00","$36,087.00","$36,087.00","$36,087.00","$36,087.00","$36,087.00","$36,087.00","$36,087.00","$36,087.00","$36,087.00","$36,087.00","$36,087.00","$36,087.00","$180,435.00","$360,870.00","$541,305.00","$721,740.00",NCTC PD
North Richland Hills PD,,10-15-2024,"70,658",,,"$76,386.00","$82,620.00","$85,925.00","$89,362.00","$92,936.00","$96,653.00","$100,520.00","$100,520.00","$100,520.00","$100,520.00","$100,520.00","$100,520.00","$100,520.00","$100,520.00","$100,520.00","$100,520.00","$100,520.00","$100,520.00","$100,520.00","$100,520.00","$100,520.00","$427,229.00","$925,962.00","$1,428,562.00","$1,931,162.00",North Richland Hills PD
Northlake PD,,03-31-2025,"9,453",24,,"$73,195.00","$75,025.00","$76,901.00","$78,823.00","$80,794.00","$82,814.00","$84,884.00","$87,006.00","$89,181.00","$91,411.00","$93,696.00","$93,696.00","$93,696.00","$93,696.00","$93,696.00","$93,696.00","$93,696.00","$93,696.00","$93,696.00","$93,696.00","$93,696.00","$384,738.00","$820,034.00","$1,288,514.00","$1,756,994.00",Northlake PD
Oak Point PD,,05-01-2024,"6,367",,,"$67,000.00","$67,000.00","$67,000.00","$67,000.00","$67,000.00","$67,000.00","$67,000.00","$67,000.00","$67,000.00","$67,000.00","$67,000.00","$67,000.00","$67,000.00","$67,000.00","$67,000.00","$67,000.00","$67,000.00","$67,000.00","$67,000.00","$67,000.00","$67,000.00","$335,000.00","$670,000.00","$1,005,000.00","$1,340,000.00",Oak Point PD
Palmer PD,,,"2,555",,,"$50,600.00","$50,600.00","$50,600.00","$50,600.00","$50,600.00","$50,600.00","$50,600.00","$50,600.00","$50,600.00","$50,600.00","$50,600.00","$50,600.00","$50,600.00","$50,600.00","$50,600.00","$50,600.00","$50,600.00","$50,600.00","$50,600.00","$50,600.00","$50,600.00","$253,000.00","$506,000.00","$759,000.00","$1,012,000.00",Palmer PD
Pantego PD,,,"2,481",,,"$62,000.00","$62,000.00","$62,000.00","$62,000.00","$62,000.00","$62,000.00","$62,000.00","$62,000.00","$62,000.00","$62,000.00","$62,000.00","$62,000.00","$62,000.00","$62,000.00","$62,000.00","$62,000.00","$62,000.00","$62,000.00","$62,000.00","$62,000.00","$62,000.00","$310,000.00","$620,000.00","$930,000.00","$1,240,000.00",Pantego PD
Parker County SO,,11-14-2024,"173,494",,,"$65,477.00","$67,956.00","$69,315.00","$70,701.00","$72,116.00","$73,557.00","$75,028.00","$76,528.00","$78,059.00","$79,620.00","$81,213.00","$82,837.00","$84,494.00","$84,494.00","$84,494.00","$84,494.00","$84,494.00","$84,494.00","$84,494.00","$84,494.00","$84,494.00","$345,565.00","$728,357.00","$1,145,889.00","$1,568,359.00",Parker County SO
Parker PD,Pay Plan,12-22-2025,"6,192",,,"$82,000.00","$84,460.00","$86,993.80","$89,603.61","$92,291.72","$95,060.47","$97,912.29","$100,849.66","$100,849.66","$100,849.66","$100,849.66","$100,849.66","$100,849.66","$100,849.66","$100,849.66","$100,849.66","$100,849.66","$100,849.66","$100,849.66","$100,849.66","$100,849.66","$435,349.13","$930,870.87","$1,435,119.17","$1,939,367.47",Parker PD
Pilot Point ISD PD,,,"1,358",,,"$50,000.00","$50,000.00","$50,000.00","$50,000.00","$50,000.00","$50,000.00","$50,000.00","$50,000.00","$50,000.00","$50,000.00","$50,000.00","$50,000.00","$50,000.00","$50,000.00","$50,000.00","$50,000.00","$50,000.00","$50,000.00","$50,000.00","$50,000.00","$50,000.00","$250,000.00","$500,000.00","$750,000.00","$1,000,000.00",Pilot Point ISD PD
Pilot Point PD,,07-24-2024,"5,884",,,"$70,660.00","$70,660.00","$70,660.00","$70,660.00","$70,660.00","$70,660.00","$70,660.00","$70,660.00","$70,660.00","$70,660.00","$70,660.00","$70,660.00","$70,660.00","$70,660.00","$70,660.00","$70,660.00","$70,660.00","$70,660.00","$70,660.00","$70,660.00","$70,660.00","$353,300.00","$706,600.00","$1,059,900.00","$1,413,200.00",Pilot Point PD
Plano PD,Pay Plan,09-22-2025,"290,190",414,,"$90,729.00","$96,255.00","$103,108.00","$110,985.00","$110,985.00","$114,592.00","$114,592.00","$114,592.00","$114,592.00","$114,592.00","$114,592.00","$114,592.00","$114,592.00","$114,592.00","$114,592.00","$114,592.00","$114,592.00","$114,592.00","$114,592.00","$114,592.00","$114,592.00","$512,062.00","$1,085,022.00","$1,657,982.00","$2,230,942.00",Plano PD
Ponder PD,,,"2,757",,,"$54,000.00","$54,000.00","$54,000.00","$54,000.00","$54,000.00","$54,000.00","$54,000.00","$54,000.00","$54,000.00","$54,000.00","$54,000.00","$54,000.00","$54,000.00","$54,000.00","$54,000.00","$54,000.00","$54,000.00","$54,000.00","$54,000.00","$54,000.00","$54,000.00","$270,000.00","$540,000.00","$810,000.00","$1,080,000.00",Ponder PD
Pottsboro PD,,04-17-2025,"2,779",,,"$54,130.00","$54,130.00","$54,130.00","$54,130.00","$54,130.00","$54,130.00","$54,130.00","$54,130.00","$54,130.00","$54,130.00","$54,130.00","$54,130.00","$54,130.00","$54,130.00","$54,130.00","$54,130.00","$54,130.00","$54,130.00","$54,130.00","$54,130.00","$54,130.00","$270,650.00","$541,300.00","$811,950.00","$1,082,600.00",Pottsboro PD
Princeton PD¹,,01-01-2025,"28,027",,,"$76,567.54","$78,935.61","$81,303.68","$83,742.79","$86,255.08","$88,842.73","$91,508.01","$94,253.25","$97,080.05","$99,992.48","$99,992.48","$99,992.48","$99,992.48","$99,992.48","$99,992.48","$99,992.48","$99,992.48","$99,992.48","$99,992.48","$99,992.48","$99,992.48","$406,804.70","$878,481.22","$1,378,443.62","$1,878,406.02",Princeton PD
Prosper PD,Pay Plan,10-03-2025,"41,660",,,"$80,000.00","$82,400.00","$84,872.00","$87,418.16","$90,040.70","$92,741.93","$95,524.18","$95,524.18","$95,524.18","$95,524.18","$95,524.18","$95,524.18","$95,524.18","$95,524.18","$95,524.18","$95,524.18","$95,524.18","$95,524.18","$95,524.18","$95,524.18","$95,524.18","$424,730.86","$899,569.51","$1,377,190.41","$1,854,811.31",Prosper PD
Quinlan PD,,03-05-2025,"1,537",6,,"$62,374.20","$62,374.20","$62,374.20","$62,374.20","$62,374.20","$62,374.20","$62,374.20","$62,374.20","$62,374.20","$62,374.20","$62,374.20","$62,374.20","$62,374.20","$62,374.20","$62,374.20","$62,374.20","$62,374.20","$62,374.20","$62,374.20","$62,374.20","$62,374.20","$311,871.00","$623,742.00","$935,613.00","$1,247,484.00",Quinlan PD
Red Oak PD,Pay Plan,11-17-2025,"18,624",39,,"$75,974.52","$79,013.50","$82,174.04","$85,460.70","$88,879.55","$92,435.16","$92,435.16","$92,435.16","$92,435.16","$92,435.16","$92,435.16","$92,435.16","$92,435.16","$92,435.16","$92,435.16","$92,435.16","$92,435.16","$92,435.16","$92,435.16","$92,435.16","$92,435.16","$411,502.31","$873,678.11","$1,335,853.91","$1,798,029.71",Red Oak PD
Rhome PD,,12-03-2024,"1,843",,,"$60,000.00","$60,000.00","$60,000.00","$60,000.00","$60,000.00","$60,000.00","$60,000.00","$60,000.00","$60,000.00","$60,000.00","$60,000.00","$60,000.00","$60,000.00","$60,000.00","$60,000.00","$60,000.00","$60,000.00","$60,000.00","$60,000.00","$60,000.00","$60,000.00","$300,000.00","$600,000.00","$900,000.00","$1,200,000.00",Rhome PD
Richardson PD,Pay Plan,10-04-2025,"117,435",173,"$2,500.00","$84,629.00","$88,886.00","$93,307.00","$98,033.00","$102,948.00","$108,105.00","$108,105.00","$108,105.00","$108,105.00","$108,105.00","$108,105.00","$108,105.00","$108,105.00","$108,105.00","$108,105.00","$108,105.00","$108,105.00","$108,105.00","$108,105.00","$108,105.00","$108,105.00","$470,303.00","$1,010,828.00","$1,551,353.00","$2,091,878.00",Richardson PD
Richland Hills PD,Pay Plan,10-13-2025,"8,323",,"$5,000.00","$66,700.00","$69,034.50","$71,450.71","$73,951.48","$76,539.78","$79,218.68","$81,991.33","$81,991.33","$81,991.33","$81,991.33","$81,991.33","$81,991.33","$81,991.33","$81,991.33","$81,991.33","$81,991.33","$81,991.33","$81,991.33","$81,991.33","$81,991.33","$81,991.33","$362,676.47","$769,860.47","$1,179,817.12","$1,589,773.77",Richland Hills PD
River Oaks PD,,,"7,370",,,"$60,773.00","$63,773.00","$65,773.00","$67,773.00","$67,773.00","$67,773.00","$67,773.00","$67,773.00","$67,773.00","$67,773.00","$67,773.00","$67,773.00","$67,773.00","$67,773.00","$67,773.00","$67,773.00","$67,773.00","$67,773.00","$67,773.00","$67,773.00","$67,773.00","$325,865.00","$664,730.00","$1,003,595.00","$1,342,460.00",River Oaks PD
Roanoke PD,,01-13-2025,"10,798",44,,"$79,768.00","$79,768.00","$79,768.00","$79,768.00","$79,768.00","$79,768.00","$79,768.00","$79,768.00","$79,768.00","$79,768.00","$79,768.00","$79,768.00","$79,768.00","$79,768.00","$79,768.00","$79,768.00","$79,768.00","$79,768.00","$79,768.00","$79,768.00","$79,768.00","$398,840.00","$797,680.00","$1,196,520.00","$1,595,360.00",Roanoke PD
Rockwall County SO¹,,08-08-2024,"131,307",,,"$72,900.00","$78,278.00","$83,656.00","$89,034.00","$94,412.00","$99,137.60","$99,137.60","$99,137.60","$99,137.60","$99,137.60","$99,137.60","$99,137.60","$99,137.60","$99,137.60","$99,137.60","$99,137.60","$99,137.60","$99,137.60","$99,137.60","$99,137.60","$99,137.60","$418,280.00","$913,968.00","$1,409,656.00","$1,905,344.00",Rockwall County SO¹
Rockwall PD¹,Pay Plan,10-01-2025,"52,918",101,,"$84,448.00","$88,628.00","$93,059.00","$97,656.00","$102,502.00","$107,627.00","$107,627.00","$107,627.00","$107,627.00","$107,627.00","$107,627.00","$107,627.00","$107,627.00","$107,627.00","$107,627.00","$107,627.00","$107,627.00","$107,627.00","$107,627.00","$107,627.00","$107,627.00","$466,293.00","$1,004,428.00","$1,542,563.00","$2,080,698.00",Rockwall PD¹
Rowlett PD,Pay Plan,10-05-2025,"66,813",95,,"$82,950.00","$86,135.54","$90,413.99","$94,655.63","$98,897.27","$103,138.92","$107,380.56","$107,380.56","$107,380.56","$107,380.56","$107,380.56","$107,380.56","$107,380.56","$107,380.56","$107,380.56","$107,380.56","$107,380.56","$107,380.56","$107,380.56","$107,380.56","$107,380.56","$453,052.43","$985,713.59","$1,522,616.39","$2,059,519.19",Rowlett PD
Royse City PD¹,Pay Plan,02-10-2025,"24,138",,"$3,000.00","$75,196.90","$78,956.75","$82,904.58","$87,049.81","$91,402.80","$95,972.42","$100,771.04","$100,771.04","$100,771.04","$100,771.04","$100,771.04","$100,771.04","$100,771.04","$100,771.04","$100,771.04","$100,771.04","$100,771.04","$100,771.04","$100,771.04","$100,771.04","$100,771.04","$418,510.84","$917,567.42","$1,421,422.62","$1,925,277.82",Royse City PD
Sachse PD,Pay Plan,09-28-2025,"32,294",,,"$80,099.00","$83,302.96","$86,635.08","$90,100.48","$93,704.50","$97,452.68","$101,350.79","$101,350.79","$101,350.79","$101,350.79","$101,350.79","$101,350.79","$101,350.79","$101,350.79","$101,350.79","$101,350.79","$101,350.79","$101,350.79","$101,350.79","$101,350.79","$101,350.79","$433,842.02","$936,697.86","$1,443,451.81","$1,950,205.76",Sachse PD
Saginaw PD,,11-03-2025,"25,139",,,"$72,120.00","$74,284.00","$76,512.00","$78,808.00","$81,172.00","$83,607.00","$86,115.00","$88,699.00","$91,360.00","$91,360.00","$91,360.00","$91,360.00","$91,360.00","$91,360.00","$91,360.00","$91,360.00","$91,360.00","$91,360.00","$91,360.00","$91,360.00","$91,360.00","$382,896.00","$824,037.00","$1,280,837.00","$1,737,637.00",Saginaw PD
Sanger PD,,04-02-2025,"9,831",,,"$68,109.00","$70,152.27","$72,256.84","$74,424.54","$76,657.28","$78,957.00","$81,325.71","$83,765.48","$83,765.48","$83,765.48","$83,765.48","$83,765.48","$83,765.48","$83,765.48","$83,765.48","$83,765.48","$83,765.48","$83,765.48","$83,765.48","$83,765.48","$83,765.48","$361,599.93","$773,179.08","$1,192,006.48","$1,610,833.88",Sanger PD
Sansom Park PD,,03-20-2025,"5,323",14,,"$61,152.00","$62,986.56","$64,886.64","$66,830.40","$68,839.68","$70,914.68","$73,032.96","$75,216.96","$77,466.48","$79,781.52","$79,781.52","$79,781.52","$79,781.52","$79,781.52","$79,781.52","$79,781.52","$79,781.52","$79,781.52","$79,781.52","$79,781.52","$79,781.52","$324,695.28","$701,107.88","$1,100,015.48","$1,498,923.08",Sansom Park PD
Seagoville PD,Pay Plan,10-04-2025,"19,643",31,,"$66,198.89","$69,508.83","$71,594.09","$73,741.92","$75,954.18","$78,232.80","$80,580.86","$80,580.86","$80,580.86","$80,580.86","$80,580.86","$80,580.86","$80,580.86","$80,580.86","$80,580.86","$80,580.86","$80,580.86","$80,580.86","$80,580.86","$80,580.86","$80,580.86","$356,997.91","$757,554.15","$1,160,458.45","$1,563,362.75",Seagoville PD
Sherman PD,Pay Plan,09-27-2025,"47,473",,,"$82,812.00","$85,812.00","$88,212.00","$90,612.00","$93,612.00","$96,612.00","$99,012.00","$102,012.00","$102,012.00","$102,012.00","$102,012.00","$102,012.00","$102,012.00","$102,012.00","$102,012.00","$102,012.00","$102,012.00","$102,012.00","$102,012.00","$102,012.00","$102,012.00","$441,060.00","$942,720.00","$1,452,780.00","$1,962,840.00",Sherman PD
SMU PD,,04-17-2025,"12,000",,,"$65,200.00","$65,200.00","$65,200.00","$65,200.00","$65,200.00","$65,200.00","$65,200.00","$65,200.00","$65,200.00","$65,200.00","$65,200.00","$65,200.00","$65,200.00","$65,200.00","$65,200.00","$65,200.00","$65,200.00","$65,200.00","$65,200.00","$65,200.00","$65,200.00","$326,000.00","$652,000.00","$978,000.00","$1,304,000.00",SMU PD
Southlake PD,Pay Plan,12-03-2025,"31,137",70,,"$86,499.40","$86,499.40","$86,499.40","$86,499.40","$86,499.40","$86,499.40","$86,499.40","$86,499.40","$86,499.40","$86,499.40","$86,499.40","$86,499.40","$86,499.40","$86,499.40","$86,499.40","$86,499.40","$86,499.40","$86,499.40","$86,499.40","$86,499.40","$86,499.40","$432,497.00","$864,994.00","$1,297,491.00","$1,729,988.00",Southlake PD
Southmayd PD,,06-05-2024,"1,083",,,"$60,000.00","$60,000.00","$60,000.00","$60,000.00","$60,000.00","$60,000.00","$60,000.00","$60,000.00","$60,000.00","$60,000.00","$60,000.00","$60,000.00","$60,000.00","$60,000.00","$60,000.00","$60,000.00","$60,000.00","$60,000.00","$60,000.00","$60,000.00","$60,000.00","$300,000.00","$600,000.00","$900,000.00","$1,200,000.00",Southmayd PD
Springtown PD,,,"4,181",,,"$48,113.00","$48,113.00","$48,113.00","$48,113.00","$48,113.00","$48,113.00","$48,113.00","$48,113.00","$48,113.00","$48,113.00","$48,113.00","$48,113.00","$48,113.00","$48,113.00","$48,113.00","$48,113.00","$48,113.00","$48,113.00","$48,113.00","$48,113.00","$48,113.00","$240,565.00","$481,130.00","$721,695.00","$962,260.00",Springtown PD
Sunnyvale PD,,01-13-2025,"8,486",,,"$70,000.00","$72,450.00","$74,986.00","$77,610.00","$80,327.00","$83,138.00","$86,048.00","$89,060.00","$92,177.00","$95,403.00","$95,403.00","$95,403.00","$95,403.00","$95,403.00","$95,403.00","$95,403.00","$95,403.00","$95,403.00","$95,403.00","$95,403.00","$95,403.00","$375,373.00","$821,199.00","$1,298,214.00","$1,775,229.00",Sunnyvale PD
TABC,Pay Plan,11-16-2025,,,,"$65,851.00","$65,851.00","$65,851.00","$65,851.00","$80,274.00","$80,274.00","$80,274.00","$80,274.00","$85,989.00","$85,989.00","$85,989.00","$85,989.00","$89,789.00","$89,789.00","$89,789.00","$89,789.00","$93,937.00","$93,937.00","$93,937.00","$93,937.00","$98,085.00","$343,678.00","$756,478.00","$1,197,823.00","$1,663,360.00",
Tarrant County Hospital District,Pay Plan,10-12-2025,,45,,"$58,656.00","$61,006.40","$63,460.80","$65,998.40","$68,640.00","$71,385.60","$74,235.20","$77,209.60","$80,308.80","$83,532.80","$88,545.60","$88,545.60","$88,545.60","$88,545.60","$88,545.60","$88,545.60","$88,545.60","$88,545.60","$88,545.60","$88,545.60","$88,545.60","$317,761.60","$704,433.60","$1,147,161.60","$1,589,889.60",Tarrant County Hospital District
Tarrant County SO,Pay Plan,10-03-2025,"2,183,000",,,"$79,810.02","$82,213.66","$84,684.08","$87,221.26","$89,869.73","$92,540.45","$95,322.45","$98,171.22","$98,171.22","$98,171.22","$98,171.22","$98,171.22","$98,171.22","$98,171.22","$98,171.22","$98,171.22","$98,171.22","$98,171.22","$98,171.22","$98,171.22","$98,171.22","$423,798.75","$906,175.31","$1,397,031.41","$1,887,887.51",Tarrant County SO
TCC PD,,04-17-2025,"46,561",,,"$56,322.00","$56,322.00","$56,322.00","$56,322.00","$56,322.00","$56,322.00","$56,322.00","$56,322.00","$56,322.00","$56,322.00","$56,322.00","$56,322.00","$56,322.00","$56,322.00","$56,322.00","$56,322.00","$56,322.00","$56,322.00","$56,322.00","$56,322.00","$56,322.00","$281,610.00","$563,220.00","$844,830.00","$1,126,440.00",TCC PD
Terrell PD,Pay Plan,06-04-2025,"21,480",,"$10,000.00","$70,889.00","$75,496.79","$80,404.08","$85,630.34","$91,196.31","$91,196.31","$91,196.31","$91,196.31","$91,196.31","$91,196.31","$91,196.31","$91,196.31","$91,196.31","$91,196.31","$91,196.31","$91,196.31","$91,196.31","$91,196.31","$91,196.31","$91,196.31","$91,196.31","$413,616.52","$869,598.07","$1,325,579.62","$1,781,561.17",Terrell PD
The Colony PD,Pay Plan,10-01-2025,"45,471",86,"$10,000.00","$84,081.92","$86,817.12","$89,639.68","$92,553.76","$95,563.52","$98,668.96","$101,876.32","$105,189.76","$105,189.76","$105,189.76","$105,189.76","$105,189.76","$105,189.76","$105,189.76","$105,189.76","$105,189.76","$105,189.76","$105,189.76","$105,189.76","$105,189.76","$105,189.76","$458,656.00","$974,770.56","$1,500,719.36","$2,026,668.16",The Colony PD
Tioga PD,,10-17-2023,"1,283",,,"$40,000.00","$40,000.00","$40,000.00","$40,000.00","$40,000.00","$40,000.00","$40,000.00","$40,000.00","$40,000.00","$40,000.00","$40,000.00","$40,000.00","$40,000.00","$40,000.00","$40,000.00","$40,000.00","$40,000.00","$40,000.00","$40,000.00","$40,000.00","$40,000.00","$200,000.00","$400,000.00","$600,000.00","$800,000.00",Tioga PD
Tom Bean PD,,10-17-2023,945,,,"$40,680.98","$42,358.37","$42,222.82","$44,096.00","$44,977.22","$44,977.22","$44,977.22","$44,977.22","$44,977.22","$44,977.22","$44,977.22","$44,977.22","$44,977.22","$44,977.22","$44,977.22","$44,977.22","$44,977.22","$44,977.22","$44,977.22","$44,977.22","$44,977.22","$214,335.39","$439,221.49","$664,107.59","$888,993.69",Tom Bean PD
Trophy Club PD,Pay Plan,10-23-2025,"13,666",,,"$79,678.51","$81,272.08","$82,897.52","$84,555.47","$86,246.58","$87,971.52","$89,730.95","$91,525.57","$93,356.08","$95,223.20","$97,127.66","$99,070.22","$101,051.62","$103,072.65","$105,134.11","$105,134.11","$105,134.11","$105,134.11","$105,134.11","$105,134.11","$105,134.11","$414,650.16","$872,457.48","$1,377,913.74","$1,903,584.29",Trophy Club PD
TWU DPS,,,"10,283",,,"$60,000.00","$60,000.00","$60,000.00","$60,000.00","$60,000.00","$60,000.00","$60,000.00","$60,000.00","$60,000.00","$60,000.00","$60,000.00","$60,000.00","$60,000.00","$60,000.00","$60,000.00","$60,000.00","$60,000.00","$60,000.00","$60,000.00","$60,000.00","$60,000.00","$300,000.00","$600,000.00","$900,000.00","$1,200,000.00",TWU DPS
University Park PD,Pay Plan,01-17-2025,"24,954",,,"$79,539.20","$83,512.00","$87,692.80","$92,123.20","$96,699.20","$101,504.00","$101,504.00","$101,504.00","$101,504.00","$101,504.00","$101,504.00","$101,504.00","$101,504.00","$101,504.00","$101,504.00","$101,504.00","$101,504.00","$101,504.00","$101,504.00","$101,504.00","$101,504.00","$439,566.40","$947,086.40","$1,454,606.40","$1,962,126.40",University Park PD
UNT PD,Pay Plan,10-20-2025,"32,603",,,"$75,000.00","$75,000.00","$75,000.00","$75,000.00","$75,000.00","$75,000.00","$75,000.00","$75,000.00","$75,000.00","$75,000.00","$75,000.00","$75,000.00","$75,000.00","$75,000.00","$75,000.00","$75,000.00","$75,000.00","$75,000.00","$75,000.00","$75,000.00","$75,000.00","$375,000.00","$750,000.00","$1,125,000.00","$1,500,000.00",UNT PD
UT Dallas PD,,,"21,445",,,"$64,000.00","$64,000.00","$64,000.00","$64,000.00","$64,000.00","$64,000.00","$64,000.00","$64,000.00","$64,000.00","$64,000.00","$64,000.00","$64,000.00","$64,000.00","$64,000.00","$64,000.00","$64,000.00","$64,000.00","$64,000.00","$64,000.00","$64,000.00","$64,000.00","$320,000.00","$640,000.00","$960,000.00","$1,280,000.00",UT Dallas PD
Van Alstyne ISD PD,,10-17-2023,"2,400",,,"$50,508.00","$52,023.24","$53,583.94","$55,191.46","$56,847.20","$58,552.61","$60,309.19","$60,309.19","$60,309.19","$60,309.19","$60,309.19","$60,309.19","$60,309.19","$60,309.19","$60,309.19","$60,309.19","$60,309.19","$60,309.19","$60,309.19","$60,309.19","$60,309.19","$268,153.84","$567,943.21","$869,489.16","$1,171,035.11",Van Alstyne ISD PD
Van Alstyne PD,Pay Plan,10-05-2025,"6,782",,,"$76,941.00","$79,249.23","$81,626.71","$84,075.51","$86,597.77","$89,195.71","$92,094.57","$95,317.88","$98,939.96","$102,699.67","$102,699.67","$102,699.67","$102,699.67","$102,699.67","$102,699.67","$102,699.67","$102,699.67","$102,699.67","$102,699.67","$102,699.67","$102,699.67","$408,490.22","$886,738.01","$1,400,236.36","$1,913,734.71",Van Alstyne PD
Venus PD,Pay Plan,10-09-2025,"7,528",20,,"$66,159.00","$68,144.00","$70,188.00","$72,294.00","$74,463.00","$76,697.00","$78,998.00","$81,368.00","$83,809.00","$86,323.00","$88,912.00","$88,912.00","$88,912.00","$88,912.00","$88,912.00","$88,912.00","$88,912.00","$88,912.00","$88,912.00","$88,912.00","$88,912.00","$351,248.00","$758,443.00","$1,203,003.00","$1,647,563.00",Venus PD
Watagua PD,Pay Plan,10-17-2025,"22,934",,,"$75,994.00","$78,274.00","$80,622.00","$83,041.00","$85,532.00","$88,098.00","$90,741.00","$90,741.00","$90,741.00","$90,741.00","$90,741.00","$90,741.00","$90,741.00","$90,741.00","$90,741.00","$90,741.00","$90,741.00","$90,741.00","$90,741.00","$90,741.00","$90,741.00","$403,463.00","$854,525.00","$1,308,230.00","$1,761,935.00",Watauga PD
Waxahachie PD,Pay Plan,05-22-2024,"47,201",70,,"$79,548.40","$82,730.34","$86,039.55","$89,481.13","$93,060.38","$96,782.79","$100,654.10","$100,654.10","$100,654.10","$100,654.10","$100,654.10","$100,654.10","$100,654.10","$100,654.10","$100,654.10","$100,654.10","$100,654.10","$100,654.10","$100,654.10","$100,654.10","$100,654.10","$430,859.80","$930,258.99","$1,433,529.49","$1,936,799.99",Waxahachie PD
Weatherford PD,,10-06-2023,"38,109",,,"$64,743.31","$67,980.47","$71,379.50","$74,948.47","$82,630.69","$86,762.22","$91,100.33","$95,655.35","$95,655.35","$95,655.35","$95,655.35","$95,655.35","$95,655.35","$95,655.35","$95,655.35","$95,655.35","$95,655.35","$95,655.35","$95,655.35","$95,655.35","$95,655.35","$361,682.44","$826,511.04","$1,304,787.79","$1,783,064.54",Weatherford PD
Westover Hills PD,,04-17-2025,636,,,"$65,000.00","$65,000.00","$65,000.00","$65,000.00","$65,000.00","$65,000.00","$65,000.00","$65,000.00","$65,000.00","$65,000.00","$65,000.00","$65,000.00","$65,000.00","$65,000.00","$65,000.00","$65,000.00","$65,000.00","$65,000.00","$65,000.00","$65,000.00","$65,000.00","$325,000.00","$650,000.00","$975,000.00","$1,300,000.00",Westover Hills PD
Westworth Village PD,,07-09-2024,"2,692",,,"$64,000.00","$65,920.00","$68,557.00","$71,299.00","$74,151.00","$74,151.00","$74,151.00","$74,151.00","$74,151.00","$74,151.00","$74,151.00","$74,151.00","$74,151.00","$74,151.00","$74,151.00","$74,151.00","$74,151.00","$74,151.00","$74,151.00","$74,151.00","$74,151.00","$343,927.00","$714,682.00","$1,085,437.00","$1,456,192.00",Westworth Village PD
White Settlement PD,,04-17-2025,"18,005",,,"$65,879.00","$67,526.00","$69,215.00","$70,945.00","$72,719.00","$74,536.00","$76,400.00","$78,310.00","$80,268.00","$82,274.00","$82,274.00","$82,274.00","$82,274.00","$82,274.00","$82,274.00","$82,274.00","$82,274.00","$82,274.00","$82,274.00","$82,274.00","$82,274.00","$346,284.00","$738,072.00","$1,149,442.00","$1,560,812.00",White Settlement PD
Whitesboro PD,,10-17-2023,"4,181",,,"$43,760.00","$43,760.00","$45,760.00","$47,840.00","$49,920.00","$49,920.00","$49,920.00","$49,920.00","$49,920.00","$49,920.00","$49,920.00","$49,920.00","$49,920.00","$49,920.00","$49,920.00","$49,920.00","$49,920.00","$49,920.00","$49,920.00","$49,920.00","$49,920.00","$231,040.00","$480,640.00","$730,240.00","$979,840.00",Whitesboro PD
Whitewright PD,,07-30-2024,"1,776",,,"$43,680.00","$43,680.00","$43,680.00","$43,680.00","$43,680.00","$43,680.00","$43,680.00","$43,680.00","$43,680.00","$43,680.00","$43,680.00","$43,680.00","$43,680.00","$43,680.00","$43,680.00","$43,680.00","$43,680.00","$43,680.00","$43,680.00","$43,680.00","$43,680.00","$218,400.00","$436,800.00","$655,200.00","$873,600.00",Whitewright PD
Willow Park PD,,,"6,630",,,"$53,212.00","$54,808.00","$56,452.00","$58,146.00","$59,890.00","$61,667.00","$61,667.00","$61,667.00","$61,667.00","$61,667.00","$61,667.00","$61,667.00","$61,667.00","$61,667.00","$61,667.00","$61,667.00","$61,667.00","$61,667.00","$61,667.00","$61,667.00","$61,667.00","$282,508.00","$590,843.00","$899,178.00","$1,207,513.00",Willow Park PD
Wilmer PD,,01-17-2024,"6,385",,,"$64,704.00","$64,704.00","$64,704.00","$64,704.00","$64,704.00","$64,704.00","$64,704.00","$64,704.00","$64,704.00","$64,704.00","$64,704.00","$64,704.00","$64,704.00","$64,704.00","$64,704.00","$64,704.00","$64,704.00","$64,704.00","$64,704.00","$64,704.00","$64,704.00","$323,520.00","$647,040.00","$970,560.00","$1,294,080.00",Wilmer PD
Wise County SO,,11-03-2025,"78,097",,,"$70,000.00","$70,000.00","$70,000.00","$70,000.00","$70,000.00","$70,000.00","$70,000.00","$70,000.00","$70,000.00","$70,000.00","$70,000.00","$70,000.00","$70,000.00","$70,000.00","$70,000.00","$70,000.00","$70,000.00","$70,000.00","$70,000.00","$70,000.00","$70,000.00","$350,000.00","$700,000.00","$1,050,000.00","$1,400,000.00",Wise County SO
Wyile PD,,04-24-2025,"61,078",,,"$80,840.00","$84,073.00","$87,436.00","$90,934.00","$94,571.00","$98,354.00","$102,288.00","$106,379.00","$106,379.00","$106,379.00","$106,379.00","$106,379.00","$106,379.00","$106,379.00","$106,379.00","$106,379.00","$106,379.00","$106,379.00","$106,379.00","$106,379.00","$106,379.00","$437,854.00","$957,633.00","$1,489,528.00","$2,021,423.00",Wyile PD